"","company","Date","ROI10","ROI10_SPY"
"1","COST",1993-10-01,2.43388953104674,1.60824109603656
"2","CSCO",1993-12-01,13.4812174437625,1.73447155109894
"3","EMN",1994-01-01,0.337446292312035,1.84761991394347
"4","KEY",1994-03-01,2.45068553676145,1.93197287160201
"5","UNM",1994-03-01,-0.308470026817677,1.93197287160201
"6","MSFT",1994-06-01,6.95197135030015,1.87607943864468
"7","UNH",1994-07-01,4.42647060969186,1.96717338538982
"8","LUV",1994-07-01,2.24638968651442,1.96717338538982
"9","MU",1994-09-27,0.408803420464928,1.80665805053531
"10","BSX",1995-02-24,5.44292682926829,1.86662458602801
"11","AMAT",1995-03-16,3.95015773878,1.79535461647757
"12","BK",1995-03-31,3.61348355098619,1.74594442154339
"13","ALL",1995-07-13,3.70024947606452,1.54129974742111
"14","CMA",1995-12-01,2.22031972871258,1.41623493705218
"15","AON",1996-04-23,1.18632815113421,1.33093457679233
"16","AZO",1997-01-02,3.60621363106796,1.21593178189527
"17","ADBE",1997-05-05,6.22980018204885,1.1012163216868
"18","CAH",1997-05-27,1.89538906405519,1.07560773673488
"19","SCHW",1997-06-02,2.9578681118555,1.10948550559398
"20","EFX",1997-06-19,1.55843818480321,0.979824483509044
"21","APA",1997-07-28,4.6385934964311,0.820993623557236
"22","PGR",1997-08-04,1.43248186167522,0.783408350324929
"23","YUM",1997-10-06,3.70540224779039,0.852155379267323
"24","CINF",1997-12-18,0.222685131609062,0.768517493408625
"25","COF",1998-07-01,-0.00637451114337828,0.308569444296515
"26","RF",1998-08-28,-0.521310009253167,0.471434640372627
"27","AES",1998-10-02,-0.427397322464571,0.300407785070917
"28","CCL",1998-12-22,-0.338296417294541,-0.151246913840066
"29","CMS",1999-05-03,-0.636157667251995,-0.208230661904669
"30","AFL",1999-05-28,0.594294069493081,-0.174516759386361
"31","NTAP",1999-06-25,0.497184217626558,-0.171339437656451
"32","BBY",1999-06-29,0.244964860410123,-0.183487128297603
"33","VMC",1999-06-30,0.123293790754419,-0.204502657272651
"34","ADI",1999-10-12,0.110996641875949,-0.0282609258898835
"35","XLNX",1999-11-08,-0.420866085730732,-0.0571070760207679
"36","CTXS",1999-12-01,-0.198142035808256,-0.0586339503083224
"37","A",2000-06-05,-0.595621977818633,-0.14468886061423
"38","TIF",2000-06-21,0.513497602729933,-0.0991161305606684
"39","DVN",2000-08-30,1.12295184471442,-0.162425364136228
"40","EOG",2000-11-02,3.98902299537361,0.00390781759866687
"41","AYE",2000-12-05,-0.60296611010665,0.0688880160147969
"42","RHI",2000-12-05,0.0244398352743245,0.0688880160147969
"43","ABK",2000-12-05,4.6604050484297,0.0688880160147969
"44","INTU",2000-12-05,0.840196613167731,0.0688880160147969
"45","SYK",2000-12-12,1.15286659389803,0.0821057082928927
"46","CTAS",2001-03-01,-0.162626665462639,0.262808743003794
"47","FISV",2001-04-02,0.994285714285714,0.404639664862779
"48","ZION",2001-06-22,-0.52391860902626,0.263420413455865
"49","ZBH",2001-08-07,0.800267227092832,0.121273073529461
"50","ABC",2001-08-30,1.72176282704232,0.295263483135751
"51","NVDA",2001-11-30,-0.141837472837406,0.323854368472793
"52","EQR",2001-12-03,2.06608018470889,0.344900277165119
"53","SPG",2002-06-26,5.65097964716306,0.641432874575542
"54","UPS",2002-07-22,0.55911335086991,0.997329574521665
"55","EA",2002-07-22,-0.557634713983335,0.997329574521665
"56","PFG",2002-07-22,0.110904178529814,0.997329574521665
"57","GS",2002-07-22,0.427725641379909,0.997329574521665
"58","PRU",2002-07-22,0.723308651400201,0.997329574521665
"59","ANTM",2002-07-25,0.710910091380246,0.93818144482971
"60","TRV",2002-08-21,1.67925005364934,0.799339975907283
"61","DGX",2002-12-12,1.16842334835543,0.923125783323884
"62","AIV",2003-03-14,1.01107362542741,1.27096171057638
"63","PLD",2003-07-17,1.17602998453787,1.08284983934026
"64","BIIB",2003-11-13,5.6978725106383,1.05083028761435
"65","ETFC",2004-03-31,-0.826667749884064,1.02516799923812
"66","MYL",2004-04-23,1.13868200358608,1.00756719644229
"67","GILD",2004-07-01,9.19148550325421,1.13912858311089
"68","LH",2004-11-01,1.20977954137133,1.18070211635712
"69","NOV",2005-03-14,1.35546219422718,1.10774147785115
"70","STZ",2005-07-01,2.88999076198559,1.1279590696057
"71","PSA",2005-08-19,3.47604972806087,1.08508334200511
"72","AMP",2005-10-03,2.87204162704188,0.986249659975326
"73","LEN",2005-10-04,-0.0394811193794788,1.00886104400672
"74","AMZN",2005-11-18,12.8295118382659,1.04669381460605
"75","EL",2006-01-05,4.79119493805742,0.940806977523004
"76","VRSN",2006-02-01,2.72601299775149,0.85181046199927
"77","BXP",2006-04-03,1.16493423807282,0.954224000545027
"78","GOOG",2006-04-03,2.83927910422485,0.954224000545027
"79","KIM",2006-04-04,0.19148949441345,0.941800177316473
"80","CME",2006-08-11,0.541659036308684,1.11772560327889
"81","FIS",2006-11-10,2.79699980877664,0.931552120230298
"82","CBRE",2006-11-10,-0.114486696514231,0.931552120230298
"83","CTSH",2006-11-17,1.81548107625746,0.919711280955941
"84","AVB",2007-01-10,0.967687997837622,0.970117713112602
"85","RL",2007-02-02,0.00434729260342626,0.936768888865274
"86","VAR",2007-02-12,0.8761405534238,0.998049369816429
"87","CHRW",2007-03-02,1.00224910587685,1.11576170700702
"88","HST",2007-03-20,-0.0638978104228342,1.06893108778147
"89","AIZ",2007-04-10,1.04943365328518,1.00467211254128
"90","DFS",2007-07-02,1.61706946089553,0.966708137112756
"91","AKAM",2007-07-12,-0.00824018033666518,0.947956888449668
"92","JEF",2007-08-27,-0.392250736078933,1.05127825779413
"93","MCHP",2007-09-07,2.41281014795648,1.08304243741496
"94","ICE",2007-09-26,1.33237598313764,1.01761406653743
"95","EXPE",2007-10-02,2.21930375016318,1.01865710618153
"96","NBL",2007-10-08,-0.125179625926794,1.01950984956634
"97","EXPD",2007-10-10,0.334027801589198,1.00928363601719
"98","AMT",2007-11-19,2.61354633936772,1.21499013547092
"99","GME",2007-12-13,-0.579026115255007,1.20611808484348
"100","RRC",2007-12-20,-0.673337862162174,1.25389481020442
"101","PM",2008-03-31,1.97960738413272,1.40238952871663
"102","ISRG",2008-06-02,3.96843142023892,1.43705042188192
"103","COG",2008-06-23,0.4256039686617,1.53734538278193
"104","MA",2008-07-18,6.83222663954485,1.74579675459453
"105","DVA",2008-07-31,1.51674132557713,1.73001411745917
"106","IVZ",2008-08-21,0.383491173673718,1.7575414021908
"107","CF",2008-08-27,1.04744056364582,1.77266386960164
"108","CRM",2008-09-15,10.3080290510949,1.96532555374132
"109","PXD",2008-09-24,2.12416556127166,2.00785775751337
"110","APH",2008-09-30,4.0175062335377,2.09162292096916
"111","FLS",2008-10-02,1.64900795898048,2.20418643870571
"112","NDAQ",2008-10-22,1.96203466583871,2.72953218109773
"113","WEC",2008-10-31,3.48354416360046,2.43551580506631
"114","SJM",2008-11-06,2.52573281961505,2.72199086509227
"115","PBCT",2008-11-13,0.319898045557814,2.66807960364636
"116","WYNN",2008-11-14,2.70501840459251,2.83436126201073
"117","XRAY",2008-11-14,0.303754702452224,2.83436126201073
"118","RSG",2008-12-05,3.42771985339188,2.77220385794798
"119","FLIR",2009-01-02,0.505576765644467,2.30065239918326
"120","IRM",2009-01-06,1.68443933748927,2.33775242322485
"121","WELL",2009-01-30,2.47424275177884,2.96195371911901
"122","VTR",2009-03-03,3.02677772106667,3.89032497533746
"123","HRL",2009-03-03,5.83083338870006,3.89032497533746
"124","HRL",2009-03-04,5.91161768611401,3.77715062197388
"125","VTR",2009-03-04,2.89933604908897,3.77715062197388
"126","ORLY",2009-03-27,10.1239225452537,3.19108117873082
"127","FTI",2009-06-05,0.367065959708659,2.66031353797143
"128","WDC",2009-07-01,1.29035479088259,2.91349907498247
"129","PWR",2009-07-01,0.71539237508288,2.91349907498247
"130","FMC",2009-08-19,3.5275503266023,2.57406679687008
"131","FAST",2009-09-15,3.42403063249057,2.46985314705282
"132","BKNG",2009-11-06,10.6981974767442,2.5028489532778
"133","ROST",2009-12-21,10.5803785324159,2.52404466966004
"134","V",2009-12-21,8.21199567203095,2.52404466966004
"135","ROP",2009-12-23,6.09937632193597,2.50452775428518
"136","NRG",2010-01-29,0.716072552461436,2.71475211819981
"137","HP",2010-02-26,0.344339532692657,2.43561528778634
"138","HP",2010-03-01,0.298516088764018,2.37399522108569
"139","DISCA",2010-03-01,0.672541256651202,2.37399522108569
"140","OKE",2010-03-15,0.918588183370334,1.5365666203636
"141","CERN",2010-04-29,2.28060538255588,1.96830536127433
"142","CERN",2010-04-30,2.30900409646402,1.99140835156667
"143","KMX",2010-06-28,3.25131404682274,2.46304928494791
"144","QEP",2010-06-30,-0.956603086038654,2.65386198524589
"145","CB",2010-07-14,2.39509828472902,2.55738749980751
"146","CB",2010-07-15,2.46113303930728,2.58908649210068
"147","JCI",2010-08-27,2.34106010081338,2.98688509613498
